;;;;;;;;;;;;;x,,,,,,,,,,,,,,,,,,,,,,
row_completion_com;Row Completion;;;;;;;;;x;;;;
commerce_row_completion1;None;;;;;;;;;x;;;;
commerce_row_completion1_desc; ;;;;;;;;;x;;;;
commerce_row_completion2;Commerce Row Completion 1;;;;;;;;;x;;;;
commerce_row_completion2_desc; ;;;;;;;;;x;;;;
commerce_row_completion3;Commerce Row Completion 2;;;;;;;;;x;;;;
commerce_row_completion3_desc; ;;;;;;;;;x;;;;
commerce_row_completion4;Commerce Row Completion 3;;;;;;;;;x;;;;
commerce_row_completion4_desc; ;;;;;;;;;x;;;;
commerce_row_completion5;Commerce Row Completion 4\n§G-10% §WSupply Consumption;;;;;;;;;x;;;;
commerce_row_completion5_desc; ;;;;;;;;;x;;;;
commerce_row_completion6;Commerce Row Completion 5\n§G-50% §WPension Level;;;;;;;;;x;;;;
commerce_row_completion6_desc; ;;;;;;;;;x;;;;
commerce_row_completion7;Commerce Row Completion 6;;;;;;;;;x;;;;
commerce_row_completion7_desc; ;;;;;;;;;x;;;;
row_completion_cul;Row Completion;;;;;;;;;x;;;;
culture_row_completion1;None;;;;;;;;;x;;;;
culture_row_completion1_desc; ;;;;;;;;;x;;;;
culture_row_completion2;Culture Row Completion 1;;;;;;;;;x;;;;
culture_row_completion2_desc; ;;;;;;;;;x;;;;
culture_row_completion3;Culture Row Completion 2 \n§WMilitancy in Non-Colonial §G-0.05§W:;;;;;;;;;x;;;;
culture_row_completion3_desc; ;;;;;;;;;x;;;;
culture_row_completion4;Culture Row Completion 3;;;;;;;;;x;;;;
culture_row_completion4_desc; ;;;;;;;;;x;;;;
culture_row_completion5;Culture Row Completion 4;;;;;;;;;x;;;;
culture_row_completion5_desc; ;;;;;;;;;x;;;;
culture_row_completion6;Culture Row Completion 5;;;;;;;;;x;;;;
culture_row_completion6_desc; ;;;;;;;;;x;;;;
culture_row_completion7;Culture Row Completion 6;;;;;;;;;x;;;;
culture_row_completion7_desc; ;;;;;;;;;x;;;;
row_completion_ind;Row Completion;;;;;;;;;x;;;;
industry_row_completion1;None;;;;;;;;;x;;;;
industry_row_completion1_desc; ;;;;;;;;;x;;;;
industry_row_completion2;Industry Row Completion 1;;;;;;;;;x;;;;
industry_row_completion2_desc; ;;;;;;;;;x;;;;
industry_row_completion3;Industry Row Completion 2;;;;;;;;;x;;;;
industry_row_completion3_desc; ;;;;;;;;;x;;;;
industry_row_completion4;Industry Row Completion 3;;;;;;;;;x;;;;
industry_row_completion4_desc; ;;;;;;;;;x;;;;
industry_row_completion5;Industry Row Completion 4;;;;;;;;;x;;;;
industry_row_completion5_desc; ;;;;;;;;;x;;;;
industry_row_completion6;Industry Row Completion 5;;;;;;;;;x;;;;
industry_row_completion6_desc; ;;;;;;;;;x;;;;
industry_row_completion7;Industry Row Completion 6\n§WPop Growth: §G+0.01%§W;;;;;;;;;x;;;;
industry_row_completion7_desc; ;;;;;;;;;x;;;;
row_completion_nav;Row Completion;;;;;;;;;x;;;;
navy_row_completion1;None;;;;;;;;;x;;;;
navy_row_completion1_desc; ;;;;;;;;;x;;;;
navy_row_completion2;Navy Row Completion 1;;;;;;;;;x;;;;
navy_row_completion2_desc; ;;;;;;;;;x;;;;
navy_row_completion3;Navy Row Completion 2;;;;;;;;;x;;;;
navy_row_completion3_desc; ;;;;;;;;;x;;;;
navy_row_completion4;Navy Row Completion 3;;;;;;;;;x;;;;
navy_row_completion4_desc; ;;;;;;;;;x;;;;
navy_row_completion5;Navy Row Completion 4;;;;;;;;;x;;;;
navy_row_completion5_desc; ;;;;;;;;;x;;;;
navy_row_completion6;Navy Row Completion 5;;;;;;;;;x;;;;
navy_row_completion6_desc; ;;;;;;;;;x;;;;
navy_row_completion7;Navy Row Completion 6;;;;;;;;;x;;;;
navy_row_completion7_desc; ;;;;;;;;;x;;;;
row_completion_arm;Row Completion;;;;;;;;;x;;;;
army_row_completion1;None;;;;;;;;;x;;;;
army_row_completion1_desc; ;;;;;;;;;x;;;;
army_row_completion2;Army Row Completion 1;;;;;;;;;x;;;;
army_row_completion2_desc; ;;;;;;;;;x;;;;
army_row_completion3;Army Row Completion 2\n§G+0.05 §WLeadership Points;;;;;;;;;x;;;;
army_row_completion3_desc; ;;;;;;;;;x;;;;
army_row_completion4;Army Row Completion 3;;;;;;;;;x;;;;
army_row_completion4_desc; ;;;;;;;;;x;;;;
army_row_completion5;Army Row Completion 4;;;;;;;;;x;;;;
army_row_completion5_desc; ;;;;;;;;;x;;;;
army_row_completion6;Army Row Completion 5;;;;;;;;;x;;;;
army_row_completion6_desc; ;;;;;;;;;x;;;;
army_row_completion7;Army Row Completion 6;;;;;;;;;x;;;;
army_row_completion7_desc; ;;;;;;;;;x;;;;
row_completion;Row Completion;;;;;;;;;;;;x
uk_nation_modifier;United Kingdom Tradition:;;;;;;;;;;;;;
fra_nation_modifier;France Tradition \n§WArmies: Supply Consumption: §G-5%§W;;;;;;;;;;;;;
pru_nation_modifier;Germany Tradition \n§WArmies: Supply Consumption: §G-5%§W;;;;;;;;;;;;;
aus_nation_modifier;Austria Tradition;;;;;;;;;;;;;
sar_nation_modifier;Italy Tradition \n§WNavies: Supply Consumption: §G-5%§W;;;;;;;;;;;;;
tur_nation_modifier;Ottoman Tradition;;;;;;;;;;;;;
rus_nation_modifier;Russia Tradition;;;;;;;;;;;;;
usa_nation_modifier;United States Tradition:;;;;;;;;;;;;;
jap_nation_modifier;Japan Tradition \n§WArmies: Supply Consumption: §G-5%§W \n§WNavies: Supply Consumption: §G-5%§W;;;;;;;;;;;;;
spa_nation_modifier;Spain Tradition;;;;;;;;;;;;;
ksn_nation_modifier;Scandinavia Tradition \n§WNavies: Supply Consumption: §G-5%§W;;;;;;;;;;;;;
net_nation_modifier;Netherland Tradition:;;;;;;;;;;;;;
brz_nation_modifier;Brazil Tradition;;;;;;;;;;;;;
com_nation_modifier;Commonwealth Tradition \n§WNavies: Supply Consumption: §G-5%§W;;;;;;;;;;;;;
chi_nation_modifier;China Tradition:;;;;;;;;;;;;;
mex_nation_modifier;Mexico Tradition;;;;;;;;;;;;;
arc_nation_modifier;Argentina Tradition \n§WArmies: Supply Consumption: §G-5%§W;;;;;;;;;;;;;
eth_nation_modifier;Ethiopia Tradition;;;;;;;;;;;;;
per_nation_modifier;Persia Tradition \n§WArmies: Supply Consumption: §G-5%§W;;;;;;;;;;;;;
col_nation_modifier;Colombia Tradition;;;;;;;;;;;;;
sia_nation_modifier;Indochina Tradition;;;;;;;;;;;;;
por_nation_modifier;Portugal Tradition;;;;;;;;;;;;;
uk_nation_modifier_desc; ;;;;;;;;;;;;;
fra_nation_modifier_desc; ;;;;;;;;;;;;;
pru_nation_modifier_desc; ;;;;;;;;;;;;;
aus_nation_modifier_desc; ;;;;;;;;;;;;;
sar_nation_modifier_desc; ;;;;;;;;;;;;;
tur_nation_modifier_desc; ;;;;;;;;;;;;;
rus_nation_modifier_desc; ;;;;;;;;;;;;;
usa_nation_modifier_desc; ;;;;;;;;;;;;;
jap_nation_modifier_desc; ;;;;;;;;;;;;;
spa_nation_modifier_desc; ;;;;;;;;;;;;;
ksn_nation_modifier_desc; ;;;;;;;;;;;;;
net_nation_modifier_desc; ;;;;;;;;;;;;;
brz_nation_modifier_desc; ;;;;;;;;;;;;;
com_nation_modifier_desc; ;;;;;;;;;;;;;
chi_nation_modifier_desc; ;;;;;;;;;;;;;
mex_nation_modifier_desc; ;;;;;;;;;;;;;
arc_nation_modifier_desc; ;;;;;;;;;;;;;
eth_nation_modifier_desc; ;;;;;;;;;;;;;
per_nation_modifier_desc; ;;;;;;;;;;;;;
col_nation_modifier_desc; ;;;;;;;;;;;;;
sia_nation_modifier_desc; ;;;;;;;;;;;;;
por_nation_modifier_desc; ;;;;;;;;;;;;;
naval_nation_modifier;Navy Tradition Modifier;;;;;;;;;;;;;
army_nation_modifier;Army Tradition Modifier;;;;;;;;;;;;;
disabled_nation_traditions;Disable Nation Traditions;;;;;;;;;;;;;
economic_thought_and_critique;National Ideas;;;;;;;;;;;;;
early_classical_theory_and_critique;Unlock Province Selector;;;;;;;;;;;;;
farmland_unlocked;Farmland Unlock;;;;;;;;;;;;;
neoliberal_theory;Neoliberal Theory;;;;;;;;;;;;;;
keynesianism;Keynesianism;;;;;;;;;;;;;;
modern_business_management;Modern Business Management;;;;;;;;;;;;;;
modernism;Modernism;;;;;;;;;;;;;;
quantum_mechanics;Quantum Mechanics;;;;;;;;;;;;;;
critical_theory;Critical Theory;;;;;;;;;;;;;;
modern_sociology;Modern Sociology;;;;;;;;;;;;;;
monetarism;Monetarism;;;;;;;;;;;;;;
national_idea1;§GNational Idea;;;;;;;;;;;;;;
national_idea1_desc;This invention unlocks another national idea.;;;;;;;;;;;;;;
national_idea1_invented;1 National Idea;;;;;;;;;;;;;;
national_idea2;§GNational Idea;;;;;;;;;;;;;;
national_idea2_desc;This invention unlocks another national idea.;;;;;;;;;;;;;;
national_idea2_invented;2 National Ideas;;;;;;;;;;;;;;
national_idea3;§GNational Idea;;;;;;;;;;;;;;
national_idea3_desc;This invention unlocks another national idea.;;;;;;;;;;;;;;
national_idea3_invented;3 National Ideas;;;;;;;;;;;;;;
national_idea4;§GNational Idea;;;;;;;;;;;;;;
national_idea4_desc;This invention unlocks another national idea.;;;;;;;;;;;;;;
national_idea4_invented;4 National Ideas;;;;;;;;;;;;;;
national_idea5;§GNational Idea;;;;;;;;;;;;;;
national_idea5_desc;This invention unlocks another national idea.;;;;;;;;;;;;;;
national_idea5_invented;5 National Ideas;;;;;;;;;;;;;;
national_idea6;§GNational Idea;;;;;;;;;;;;;;
national_idea6_desc;This invention unlocks another national idea.;;;;;;;;;;;;;;
national_idea6_invented;6 National Ideas;;;;;;;;;;;;;;
army_morale_idea;Army Morale National Idea;;;;;;;;;;;;;;
army_morale_idea_desc;This effect is additive, e.g. if your army morale is 200%, this will raise it to 250%.;;;;;;;;;;;;;;
army_organisation_idea;Army Organisation National Idea;;;;;;;;;;;;;;
army_organisation_idea_desc;This effect is multiplicative. The max organization of a land unit is (base organization of unit + army organization from techs) * (1 + land organization). An infantry brigade has a base organization of 30, so without any techs researched the max org it will have with this modifier is (30 + 0) * (1 + 0.2) = 36.;;;;;;;;;;;;;;
military_supplies;Military Supplies National Idea\n§WSupply Consumption §G-10%;;;;;;;;;;;;;;
military_supplies_desc;This reduces supply consumption for all units by 10%.;;;;;;;;;;;;;;
military_supplies_idea;Military Supplies National Idea;;;;;;;;;;;;;;
military_supplies_idea_desc;This gives -15% Supply Consumption Bonus. For example, if the base supply consumption of your armies is increased to 200% from techs, this will lower it to 170%.;;;;;;;;;;;;;;
military_hospitals_idea;Military Hospital Idea\n§WMilitary Hospitals: §G+10%;;;;;;;;;;;;;;
military_hospitals_idea_desc;This bonus reduces POP deaths from combat casualties to a rate of 1 to 0.208, down from a base rate of 1 to 0.25. POP deaths from combat casualties is calculated as SOLDIER_TO_POP_DAMAGE/(1 + military_hospital modifier). The base SOLDIER_TO_POP_DAMAGE in this mod is 0.25, so a military hospital modifier of 20% or 0.2, reduces POP deaths to 0.25/(1 + 0.2) = 0.208.;;;;;;;;;;;;;;
military_hospitals_idea_invention;Military Hospitals National Idea;;;;;;;;;;;;;;
military_hospitals_idea_invention_desc;This bonus reduces POP deaths from combat casualties to a rate of 1 to 0.208, down from a base rate of 1 to 0.25. POP deaths from combat casualties is calculated as SOLDIER_TO_POP_DAMAGE/(1 + military_hospital modifier). The base SOLDIER_TO_POP_DAMAGE in this mod is 0.25, so a military hospital modifier of 20% (0.2), reduces POP deaths to 0.25/(1 + 0.2) = 0.208.;;;;;;;;;;;;;;
army_experience_idea;Army Experience National Idea;;;;;;;;;;;;;;
army_experience_idea_desc;Each point of experience lowers the damage taken during combat at the same rate as one point of military tactics.;;;;;;;;;;;;;;
reinforce_rate_idea;Reinforce Rate Idea\n§WReinforcement: §G+10%;;;;;;;;;;;;;;
reinforce_rate_idea_desc;This bonus increases reinforce rate by +10%. No matter the reinforce rate however, your units' reinforce rate is multiplied by the amount of supplies they are getting, so if your armies aren't getting any supplies they won't reinforce even with a large reinforce rate bonus.;;;;;;;;;;;;;;
reinforce_rate_idea_invention;Reinforce Rate Idea;;;;;;;;;;;;;;
reinforce_rate_idea_invention_desc;Your units' reinforce rate is multiplied by the amount of supplies they are getting, so if your armies aren't getting any supplies they won't reinforce even with a large reinforce rate bonus.;;;;;;;;;;;;;;
leadership_idea;Leadership National Idea;;;;;;;;;;;;;;
leadership_idea_desc;Increased Monthly Base Leadership.;;;;;;;;;;;;;;
prestige_idea;Prestige National Idea;;;;;;;;;;;;;;
prestige_idea_desc;Increased Monthly Base Prestige.;;;;;;;;;;;;;;
navy_build_speed_idea;Navy Build Speed National Idea\n§WNavies: Build Time §G-30%\n§WLocal Ship Repair Speed: §G+50%;;;;;;;;;;;;;;
navy_build_speed_idea_desc;Base build time of ships is reduced by 30% and repair is 50% faster. The base build time reduction stacks with base build time reductions from port levels and other techs.;;;;;;;;;;;;;;
navy_build_speed_idea_modifier;Naval Build Speed National Idea;;;;;;;;;;;;;;
navy_organisation_idea;Navy Organisation National Idea;;;;;;;;;;;;;;
navy_organisation_idea_desc;This effect is multiplicative. The max organization of a naval unit is (base organization of unit + navy organization from techs) * (1 + navy organization). For example, a frigate has a base org of 30, and if it has +18 org from techs, the max org it will have with this modifier is (30 + 18) * (1 + 0.15) = 55.2.;;;;;;;;;;;;;;
expansion_idea;Expansion National Idea;;;;;;;;;;;;;;
expansion_idea_desc;Increased Monthly Infamy Decay.;;;;;;;;;;;;;;
assimilation_idea;Assimilation National Idea;;;;;;;;;;;;;;
assimilation_idea_desc;Assimilation rate is multiplied by the assimilation chance to determine the amount of assimilation in a POP. If either assimilation rate or chance is 0, or there is no assimilation target, then no assimilation will take place. POPs will never assimilate in a province they have a core in, so e.g. Romanian POPs in Romanian cored land won't assimilate but Romanian POPs in non Romanian land will assimilate.;;;;;;;;;;;;;;
farming_idea;Farming National Idea;;;;;;;;;;;;;;
farming_idea_desc;+Increased Farming Efficiency.;;;;;;;;;;;;;;
mining_idea;Mining National Idea;;;;;;;;;;;;;;
mining_idea_desc;Increased Mining Efficiency.;;;;;;;;;;;;;;
consumer_goods_idea;Consumer Goods National Idea;;;;;;;;;;;;;;
consumer_goods_idea_desc;Provides an output bonus to various factory produced consumer goods.;;;;;;;;;;;;;;
industrial_goods_idea;Industrial Goods National Idea;;;;;;;;;;;;;;
industrial_goods_idea_desc;Provides an output bonus to various factory produced industrial goods.;;;;;;;;;;;;;;
domestic_idea;Unlock Migration Attraction National Idea;;;;;;;;;;;;;;
domestic_idea_desc;Unlocks Migration Attraction decision, which redirects incoming immigrants and internal migrants to the targetted province. This does NOT increase the amount of outside POPs that immigrate to your country.;;;;;;;;;;;;;;
education_idea;Education National Idea;;;;;;;;;;;;;;
education_idea_desc;Increased Education Efficiency.;;;;;;;;;;;;;;
EVTNAME91601;New National Idea Researched;;;;;;;;;;;;;;;;;;;;;;;x
EVTDESC91601;You may pick from one of the following national idea groups.;;;;;;;;;;;;;;;;;;;;;;;x
research_and_development;Research & Development;;;;;;;;;;;;;;
no_rnd;No R&D;;;;;;;;;;;;;;
no_rnd_desc;The state does not fund any R&D;;;;;;;;;;;;;;
rudimentary_rnd;Rudimentary R&D;;;;;;;;;;;;;;
rudimentary_rnd_desc;§YThis level of reform requires at least 10% average literacy.§W\nThis gives §R+0.003§W Infamy Increase;;;;;;;;;;;;;;
very_low_rnd;Very Low R&D;;;;;;;;;;;;;;
very_low_rnd_desc;§YThis level of reform requires at least 20% average literacy.§W;;;;;;;;;;;;;;
low_rnd;Low R&D;;;;;;;;;;;;;;
low_rnd_desc;§YThis level of reform requires at least 30% average literacy.§W;;;;;;;;;;;;;;
basic_rnd;Basic R&D;;;;;;;;;;;;;;
basic_rnd_desc;§YThis level of reform requires at least 40% average literacy.§W;;;;;;;;;;;;;;
moderate_rnd;Moderate R&D;;;;;;;;;;;;;;
moderate_rnd_desc;§YThis level of reform requires at least 50% average literacy.§W;;;;;;;;;;;;;;
acceptable_rnd;Acceptable R&D;;;;;;;;;;;;;;
acceptable_rnd_desc;§YThis level of reform requires at least 60% average literacy.§W;;;;;;;;;;;;;;
good_rnd;Good R&D;;;;;;;;;;;;;;
good_rnd_desc;§YThis level of reform requires at least 70% average literacy.§W;;;;;;;;;;;;;;
very_good_rnd;Very Good R&D;;;;;;;;;;;;;;
very_good_rnd_desc;§YThis level of reform requires at least 80% average literacy.§W;;;;;;;;;;;;;;
advanced_rnd;Advanced R&D;;;;;;;;;;;;;;
advanced_rnd_desc;§YThis level of reform requires at least 90% average literacy.§W;;;;;;;;;;;;;;
futuristic_rnd;Futuristic R&D;;;;;;;;;;;;;;
futuristic_rnd_desc;§YThis level of reform requires at least 99% average literacy.§W;;;;;;;;;;;;;;
mandatory_service;Service by Requirement;;;;;;;;;;;;;;x;;;;;;;;;;;;;;,,,,,
mandatory_service_l;Service by Requirement;;;;;;;;;;;;;;;;;;;;;;;x;;;;;;;;;;;;;;,,,,,
mandatory_service_desc; ;All adult males must serve in the military.;;;;;;;;;;;;;;;;;;;;;;;;x,,,,,,,,,,,,,,,,,,,,,,
movement_mandatory_service;Mandatory Service Movement.;;;;;;;;;;;;;;;;;;;;;;;;x,,,,,,,,,,,,,,,,,,,,,,
random_service;Random Conscription;;;;;;;;;;;;;x;;;;;;;;;;;;;;,,,,,
random_service_l;Random Conscription;;;;;;;;;;;;;x;;;;;;;;;;;;;;,,,,,
random_service_desc; ;Conscripts are drafted for four years.;Conscripts are drafted for four years.;;Conscripts are drafted for four years.;;;;;;;;;x;;;;;;;;;;;;;;,,,,,
movement_random_service;Movement for Random Conscription Implementation;;;;;;;;;;;;;x,,,,,,,,,,,,,,,,,,,,,,
no_draft;No Draft;No Draft;No Draft;;No Draft;;;;;;;;;x;;;;;;;;;;;;;;,,,,,
no_draft_l;No Draft;No Draft;No Draft;;No Draft;;;;;;;;;x;;;;;;;;;;;;;;,,,,,
no_draft_desc; ;;;;;;;;;;;;;x;;;;;;;;;;;;;;,,,,,
movement_no_draft;Movement for No Draft Implementation;;;;;;;;;;;;;x,,,,,,,,,,,,,,,,,,,,,,
reformed_training;Reformed Training;Reformed Training;Reformed Training;;Reformed Training;;;;;;;;;x;;;;;;;;;;;;;;,,,,,
reformed_training_l;Reformed Training;Reformed Training;Reformed Training;;Reformed Training;;;;;;;;;x;;;;;;;;;;;;;;,,,,,
reformed_training_desc; ;Conscripts are drafted for one year.;Conscripts are drafted for one year.;;Conscripts are drafted for one year.;;;;;;;;;x;;;;;;;;;;;;;;,,,,,
movement_reformed_training;Movement for Reformed Training Implementation;;;;;;;;;;;;;x,,,,,,,,,,,,,,,,,,,,,,
specialized_training;Specialized Training;;;;;;;;;;;;;x;;;;;;;;;;;;;;,,,,,
specialized_training_l;Specialized Training;;;;;;;;;;;;;x;;;;;;;;;;;;;;,,,,,
specialized_training_desc; ;;;;;;;;;;;;;x;;;;;;;;;;;;;;,,,,,
conscription;Conscription;Conscription;Conscription;;Conscription;;;;;;;;;x;;;;;;;;;;;;;;,,,,,
movement_specialized_training;Movement for the Specialized Training;;;;;;;;;;;;;x,,,,,,,,,,,,,,,,,,,,,,
universal_health_care;Universal Healthcare;;;;;;;;;;;;;x;;;;;;;;;;;;;;
universal_health_care_desc;Universal healthcare is a health care system in which all residents of a particular country or region are assured access to health care. It is generally organized around providing either all residents or only those who cannot afford on their own with either health services or the means to acquire them, with the end goal of improving health outcomes.;;;;;;;;;;;;;x;;;;;;;;;;;;;;
movement_universal_health_care;Universal Health Care Movement;;;;;;;;;;;;;x
compulsory_schools;Compulsory School System;;;;;;;;;;;;;;;;;;;;;;;x
compulsory_schools_l;Compulsory School System;;;;;;;;;;;;;;;;;;;;;;;;;;;;x
compulsory_schools_desc;Free public education is available to all and attendance is mandatory. Teachers are certified to a standardized curricula by either the government or a teachers' organisation. Higher education institutions are excellent and poor students are given subsidies by the government in order to attend.;;;;;;;;;;;;;;;;;;;;;;;;;;;;;x
illuminati;Bankers;;;;;;;;;;;;;;;;;;;;;;;x
zbankers;Bankers;;;;;;;;;;;;;;
JAN_3246;World Bank;;;;;;;;;;;;;x
warning_will_remove_other_depot;\n§RWARNING§W Will remove previous depot modifier;;;;;;;;;;;;;;
cost_500k;\n§GCost to Build: 500k§W;;;;;;;;;;;;;;
broke_500k;\n§RYou Don't have enough Funds: 500K§W;;;;;;;;;;;;;;
tiny_lit_campaign;Gain §R1§W infamy;;;;;;;;;;;;;;
small_lit_campaign;Gain §R2§W infamy;;;;;;;;;;;;;;
medium_lit_campaign;Gain §R3§W infamy;;;;;;;;;;;;;;
large_lit_campaign;Gain §R4§W infamy;;;;;;;;;;;;;;
huge_lit_campaign;Gain §R5§W infamy;;;;;;;;;;;;;;
tiny_lit_campaign_broke;§YNot Enough Infamy §W(§RClose to Sanctions§W);;;;;;;;;;;;;;
small_lit_campaign_broke;§YNot Enough Infamy §W(§RClose to Sanctions§W);;;;;;;;;;;;;;
medium_lit_campaign_broke;§YNot Enough Infamy §W(§RClose to Sanctions§W);;;;;;;;;;;;;;
large_lit_campaign_broke;§YNot Enough Infamy §W(§RClose to Sanctions§W);;;;;;;;;;;;;;
huge_lit_campaign_broke;§YNot Enough Infamy §W(§RClose to Sanctions§W);;;;;;;;;;;;;;
already_has_modifier;Modifier already exists;;;;;;;;;;;;;;
0K_pop_agri_rgo;§GCost for RGO change: 100K§W;;;;;;;;;;;;;;
50K_pop_agri_rgo;§GCost for RGO change: 200K§W;;;;;;;;;;;;;;
100K_pop_agri_rgo;§GCost for RGO change: 400K§W;;;;;;;;;;;;;;
200K_pop_agri_rgo;§GCost for RGO change: 600K§W;;;;;;;;;;;;;;
300K_pop_agri_rgo;§GCost for RGO change: 800K§W;;;;;;;;;;;;;;
400K_pop_agri_rgo;§GCost for RGO change: 1M§W;;;;;;;;;;;;;;
500K_pop_agri_rgo;§GCost for RGO change: 1.2M§W;;;;;;;;;;;;;;
600K_pop_agri_rgo;§GCost for RGO change: 1.4M§W;;;;;;;;;;;;;;
700K_pop_agri_rgo;§GCost for RGO change: 1.6M§W;;;;;;;;;;;;;;
800K_pop_agri_rgo;§GCost for RGO change: 1.8M§W;;;;;;;;;;;;;;
900K_pop_agri_rgo;§GCost for RGO change: 2M§W;;;;;;;;;;;;;;
1M_pop_agri_rgo;§GCost for RGO change: 2.4M§W;;;;;;;;;;;;;;
1_2M_pop_agri_rgo;§GCost for RGO change: 2.8M§W;;;;;;;;;;;;;;
1_4M_pop_agri_rgo;§GCost for RGO change: 3.2M§W;;;;;;;;;;;;;;
1_6M_pop_agri_rgo;§GCost for RGO change: 3.6M§W;;;;;;;;;;;;;;
1_8M_pop_agri_rgo;§GCost for RGO change: 4M§W;;;;;;;;;;;;;;
0K_pop_agri_rgo_broke;§RNot enough funds for RGO change: 100K§W;;;;;;;;;;;;;;
50K_pop_agri_rgo_broke;§RNot enough funds for RGO change: 200K§W;;;;;;;;;;;;;;
100K_pop_agri_rgo_broke;§RNot enough funds for RGO change: 400K§W;;;;;;;;;;;;;;
200K_pop_agri_rgo_broke;§RNot enough funds for RGO change: 600K§W;;;;;;;;;;;;;;
300K_pop_agri_rgo_broke;§RNot enough funds for RGO change: 800K§W;;;;;;;;;;;;;;
400K_pop_agri_rgo_broke;§RNot enough funds for RGO change: 1M§W;;;;;;;;;;;;;;
500K_pop_agri_rgo_broke;§RNot enough funds for RGO change: 1.2M§W;;;;;;;;;;;;;;
600K_pop_agri_rgo_broke;§RNot enough funds for RGO change: 1.4M§W;;;;;;;;;;;;;;
700K_pop_agri_rgo_broke;§RNot enough funds for RGO change: 1.6M§W;;;;;;;;;;;;;;
800K_pop_agri_rgo_broke;§RNot enough funds for RGO change: 1.8M§W;;;;;;;;;;;;;;
900K_pop_agri_rgo_broke;§RNot enough funds for RGO change: 2M§W;;;;;;;;;;;;;;
1M_pop_agri_rgo_broke;§RNot enough funds for RGO change: 2.4M§W;;;;;;;;;;;;;;
1_2M_pop_agri_rgo_broke;§RNot enough funds for RGO change: 2.8M§W;;;;;;;;;;;;;;
1_4M_pop_agri_rgo_broke;§RNot enough funds for RGO change: 3.2M§W;;;;;;;;;;;;;;
1_6M_pop_agri_rgo_broke;§RNot enough funds for RGO change: 3.6M§W;;;;;;;;;;;;;;
1_8M_pop_agri_rgo_broke;§RNot enough funds for RGO change: 4M§W;;;;;;;;;;;;;;
0K_pop_baby_boom;§G3000 Day Baby Boom§W;;;;;;;;;;;;;;
100K_pop_baby_boom;§G2700 Day Baby Boom§W;;;;;;;;;;;;;;
200K_pop_baby_boom;§G2400 Day Baby Boom§W;;;;;;;;;;;;;;
300K_pop_baby_boom;§G2100 Day Baby Boom§W;;;;;;;;;;;;;;
400K_pop_baby_boom;§G1800 Day Baby Boom§W;;;;;;;;;;;;;;
500K_pop_baby_boom;§G1500 Day Baby Boom§W;;;;;;;;;;;;;;
600K_pop_baby_boom;§G1200 Day Baby Boom§W;;;;;;;;;;;;;;
700K_pop_baby_boom;§G900 Day Baby Boom§W;;;;;;;;;;;;;;
800K_pop_baby_boom;§G600 Day Baby Boom§W;;;;;;;;;;;;;;
900K_pop_baby_boom;§G300 Day Baby Boom§W;;;;;;;;;;;;;;
above_baby_boom_limit;§RState above 1 million Population§W;;;;;;;;;;;;;;
baby_boom_on_cooldown;§RBaby Boom on Cooldown§W;;;;;;;;;;;;;;
not_asia;§RState not in Asia§W;;;;;;;;;;;;;;
is_your_core;§RYou can not convert your own cores to Colonies§W;;;;;;;;;;;;;;
you_are_at_war;§RYou are currently at war§W;;;;;;;;;;;;;;
province_selector;Province Selector;;;;;;;;;;;;;;;;;;;;;;;;;;;x
PS_unlocked;PS Building Unlocked;;;;;;;;;;;;;x
PS_unlocked_desc;You can now build Province Selector buildings.;;;;;;;;;;;;;x
urban_center;Urban Center;;;;;;;;;;;;;;;;;;;;;;;;;;;x
farmland;Farmland Expansion;;;;;;;;;;;;;;;;;;;;;;;;;;;x
mines;Mine Expansion;;;;;;;;;;;;;;;;;;;;;;;;;;;x
national_idea_edge_left; ;;;;;;;;;;;;;x
national_idea_edge_left_desc; ;;;;;;;;;;;;;x
national_idea_edge_right; ;;;;;;;;;;;;;x
national_idea_edge_right_desc; ;;;;;;;;;;;;;x
national_idea1_bar;National Idea 1 (Unselected) \n§WNational idea unlocks 1836;;;;;;;;;;;;;x
national_idea2_bar;National Idea 2 (Unselected) \n§WNational idea unlocks 1850;;;;;;;;;;;;;x
national_idea3_bar;National Idea 3 (Unselected) \n§WNational idea unlocks 1865;;;;;;;;;;;;;x
national_idea4_bar;National Idea 4 (Unselected) \n§WNational idea unlocks 1880;;;;;;;;;;;;;x
national_idea5_bar;National Idea 5 (Unselected) \n§WNational idea unlocks 1895;;;;;;;;;;;;;x
national_idea1_bar_done;National Idea 1 (Selected);;;;;;;;;;;;;x
national_idea2_bar_done;National Idea 2 (Selected);;;;;;;;;;;;;x
national_idea3_bar_done;National Idea 3 (Selected);;;;;;;;;;;;;x
national_idea4_bar_done;National Idea 4 (Selected);;;;;;;;;;;;;x
national_idea5_bar_done;National Idea 5 (Selected);;;;;;;;;;;;;x
PROV3298;Tshushima;;;;;;;;;;;;;x
zprovince_migration_title;§GMigration Attraction;;;;;;;;;x;;;;
zprovince_migration_desc;Gives a large bonus to migration to the targeted province. This decision does not increase the chance of receiving immigrants from other countries, it only redirects them to the targetted province. If a province has more than 5% RGO unemployment then the modifier will stop working and should be reset.;;;;;;;;;x;;;;
EVTDESC92101;§B1.§b Adds bonus interal migration attraction to province.\n§B2.§b Cancels bonus migration attraction to province.\n§B3.§b Pay 500k to make a supply depot. Creating new depots, battles, and occupation will destroy depots.\n§B4.§b Adds 1% - (pop literacy/200) literacy per year for 10 years to state. Costs 1 Infamy per state size. (Tiny = 1 - Huge = 5)\n§B5.§b Changes farm RGO. Adds a debuff for 15 years, costs 200k per 100k POPs in province rounded up.\n§B6.§b Changes mine RGO adds a cooldown when the rgo is changed. \n§B7.§b Lasts 10 years - (state pops/100k), 25 year cooldown.\n§B8.§b Convert Asian State to Colony.\n§B9.§b Resets province selector.;;;;;;;;;;;;;x
EVTNAME91737;Agriculture RGO Change;;;;;;;;;;;;;;;;;;;;;;;x
EVTDESC91737;Choose to change a province to the following RGO types.;;;;;;;;;;;;;;;;;;;;;;;x
EVT91737OPTA;Change province to produce Wool.;;;;;;;;;;;;;;;;;;;;;;;x
EVT91737OPTB;Change province to produce Fruit.;;;;;;;;;;;;;;;;;;;;;;;x
EVT91737OPTC;Change province to produce Cotton.;;;;;;;;;;;;;;;;;;;;;;;x
EVT91737OPTD;Change province to produce Cattle.;;;;;;;;;;;;;;;;;;;;;;;x
EVT91737OPTE;Change province to produce Grain.;;;;;;;;;;;;;;;;;;;;;;;x
EVT91737OPTH;Change province to produce Opium.;;;;;;;;;;;;;;;;;;;;;;;x
EVT91737OPTJ;Change province to produce Silk.;;;;;;;;;;;;;;;;;;;;;;;x
EVT91737OPTK;Change province to produce Tobacco.;;;;;;;;;;;;;;;;;;;;;;;x
EVT91737OPTL;Change province to produce Fish.;;;;;;;;;;;;;;;;;;;;;;;x
EVT91737OPTM;Change province to produce Timber.;;;;;;;;;;;;;;;;;;;;;;;x
EVT91737OPTZ;I'd rather not change anything.;;;;;;;;;;;;;;;;;;;;;;;x
changing_agriculture;Changing Agriculture;;;;;;;;;;;;;x
capital_supply_depot;Capital Supply Depot\n§WCapital Supply Depots will not be destroyed unless the capital is moved somewhere else.;;;;;;;;;;;;;x
supply_depot;Supply Depot;;;;;;;;;;;;;x
supply_depot_destroyed;Supply Depot Recently Destroyed;;;;;;;;;;;;;x
supply_depot_destroyed_desc;We require time to procure new supplies before we can build another supply depot.;;;;;;;;;;;;;x
asia;Siberia;;;;;;;;;;;;;x
appoint_irish_minister_title;Appoint an Irish Lord-Lieutenant of Ireland;;;;;;;;;;;;;x
appoint_irish_minister_desc;Lord Heytesbury, the current Lord-Lieutenant of Ireland, has been criticized for his inaction during the Irish Famine, believing it would resolve itself. This neglect has only worsened the crisis. We must appoint a new Irish Lord-Lieutenant who will take decisive action to prevent future disasters and bring in Irish support for the crown.;;;;;;;;;;;;;;x
grant_irish_parliament_seats_title;Grant the Irish Representation;;;;;;;;;;;;;x
grant_irish_parliament_seats_desc;The Act of Union of 1800 denied the Irish proper representation in the UK government. It is time to rectify this injustice by granting the Irish seats in Parliament, ensuring their voices are heard and their interests represented.;;;;;;;;;;;;;x
integrate_irish_title;Integrate the Irish;;;;;;;;;;;;;x
integrate_irish_desc;We must integrate the Irish into our country.;;;;;;;;;;;;;x
irish_acceptance_progression;@IRE §GThis is required to progress for Irish Acceptance.§b;;;;;;;;;;;;;x
sepoy_rebellion_ended;End of Sepoy Rebellion;;;;;;;;;;;;;x
sepoy_rebellion;Sepoy Rebellion;;;;;;;;;;;;x
napoleon_iii;Napoleon III;x
napoleon_iii_desc;Napoleon III (Charles Louis Napoléon Bonaparte 20 April 1808 – 9 January 1873) was the first President of France (as Louis-Napoléon Bonaparte) from 1848 to 1852 and Emperor of the French from 1852 to 1870. A nephew of Napoleon I, he was the last monarch to reign over France. Elected to the presidency of the Second Republic in 1848, he seized power by force in 1851, when he could not constitutionally be reelected he later proclaimed himself Emperor of the French. He founded the Second Empire, reigning until the defeat of the French Army and his capture by Prussia and its allies at the Battle of Sedan in 1870. Napoleon III was a popular monarch, who used plebiscites to guide his actions, oversaw the modernisation of the French economy and worked to have the centre of Paris rebuilt following Napoleon III style guidelines. He expanded the French overseas empire and made the French merchant navy the second largest in the world, engaged in the Crimean War, the Second Italian War of Independence, the Second Franco-Mexican War, as well as the disastrous Franco-Prussian War, in which he served alongside his soldiers during the fight, an uncommon action for a head of state in the modern era.;x
napoleon_iii_legacy;Napoleon The Third's Legacy;x
napoleon_iii_legacy_desc;Napoleon wasn't the best, wasn't perfect, but he has led us for a good duration of time fighting against adversaries, and ensuring the French State would be strong enough to fight a united Germany/Prussia, now that hes gone, its best to preserve his reign and existance.;x
proclaim_second_empire_title;Proclaim Second French Empire;;;;;;;;;;;;x
proclaim_second_empire_desc;As Louis Napoleon grasped dictatorial power and introduced a harsh constitution he took the next step and held a referendum for the reintroduction of the Empire. Nearly 8 million Frenchmen voted yes and he became French Emperor under the name Napoleon III. \n§RBonapartiste is the required Party;;;;;;;;;;;;x
austrian_annex_south_german_confederation_title;Become the South German Confederation;;;;;;;;;;;;;x,,,,,,,,,,,,,,,,,,,,,,
austrian_annex_south_german_confederation_desc;While Germany was not united until the proclamation of the German Empire, following the Franco-Prussian war, rising nationalism in the 19th century had meant that unification had been on the cards long before that, with the Frankfurt assembly of 1848 being an important forerunner. By achieving a dominant position among the South German states, we can form the South German Confederation.;;;;;;;;;;;;;x,,,,,,,,,,,,,,,,,,,,
austrian_form_south_german_confederation_title;Create the South German Confederation;;;;;;;;;;;;;x,,,,,,,,,,,,,,,,,,,,,,
austrian_form_south_german_confederation_desc;With our dominant position over the south German states, we can create the South German Confederation -- a union that would be under our full control, and a more useful ally than the nations separately.;;;;;;;;;;;;;x,,,,,,,,,,,,,,,,,,,,
oil_spawn_chance;\n§GIncrease Chance of Oil Spawn by 90% (Tech still required)§W;;;;;;;;;;;;;;
EVTDESC100000;In 1860, Queen Isabella II of Spain faced growing opposition due to her perceived political favoritism, corruption in the royal court, and failure to implement meaningful reforms. Her reign had become increasingly unstable, prompting liberal and progressive factions to advocate for her removal. Although she remained on the throne until 1868, by 1860, political discourse was already rife with discussions about alternative leadership.;;;;;;;;;;;;;x,,,,,,,,,,,,,,,,,,,,